{"schemaVersion":"1.0","appDefinitionTemplate":{"id":"/providers/Microsoft.PowerApps/apps/","type":"Microsoft.PowerApps/apps","tags":{"primaryDeviceWidth":"640","primaryDeviceHeight":"1136","supportsPortrait":"true","supportsLandscape":"true","primaryFormFactor":"Phone","showStatusBar":"false","publisherVersion":"3.24054.19","minimumRequiredApiVersion":"2.2.0","hasComponent":"false","hasUnlockedComponent":"false","isUnifiedRootApp":"false","sienaVersion":"20240606T084125Z-3.24054.19.0"},"properties":{"appVersion":"2024-06-06T08:41:25Z","lifeCycleId":"Published","createdByClientVersion":{"major":3,"minor":24054,"build":19,"revision":0,"majorRevision":0,"minorRevision":0},"minClientVersion":{"major":3,"minor":24054,"build":19,"revision":0,"majorRevision":0,"minorRevision":0},"backgroundColor":"RGBA(0,176,240,1)","backgroundImageUri":"/11877797568952449224/Nc3c4b309-ecec-4c79-9a2f-2f8d1b0ef50c-logoSmallFile","displayName":"ChemiAPP","description":"","commitMessage":"","appUris":{"documentUri":{"value":"/11877797568952449224/N328a0c8a-473d-433d-a747-413df36f13b1-document.msapp"},"imageUris":[],"additionalUris":[{"isSolutionAware":false,"value":"/11877797568952449224/N75d18220-06eb-4029-90dc-493682d9c738-identity.json"}]},"createdTime":"0001-01-01T00:00:00Z","lastModifiedTime":"0001-01-01T00:00:00Z","sharedGroupsCount":0,"sharedUsersCount":0,"connectionReferences":{"3be342f4-055c-435b-9f0d-17bdc9903943":{"id":"864454bf-6519-41b1-b257-221840f129e0","displayName":"SQL Server","runtimePolicyName":"da5695e4-5e44-40b8-a1df-e13d20d7f55b","executionRestrictions":{"version":1,"modifiedOn":"2024-06-06 08:41:22","appVer":"3.24054.19","apiId":"/providers/microsoft.powerapps/apis/shared_sql","apiVer":2,"policy":"{\"type\":\"tabular\",\"dataSources\":{\"[dbo].[receipts]\":[\"post\",\"patch\",\"get\"],\"[dbo].[adgili]\":[\"get\"]}}"},"iconUri":"https://connectoricons-prod.azureedge.net/releases/v1.0.1694/1.0.1694.3752/sql/icon.png","dataSources":["Receipts","adgili","PurchasedItems","Receipts_1"],"dependencies":[],"dependents":[],"parameterHints":{},"parameterHintsV2":{},"isOnPremiseConnection":false,"sharedConnectionId":"aee87553-a3c4-4ada-98fe-287433622ea4","bypassConsent":false,"dataSets":{"serverirakli.database.windows.net,receiptnew":{"dataSources":{"Receipts":{"tableName":"[dbo].[Receipts]"},"adgili":{"tableName":"[dbo].[adgili]"},"PurchasedItems":{"tableName":"[dbo].[PurchasedItems]"},"Receipts_1":{"tableName":"[dbo].[Receipts]"}}}},"apiTier":"Premium","isCustomApiConnection":false,"actions":["providers/PowerPlatform.Governance/Operations/Read","providers/PowerPlatform.Governance/Operations/Write"],"endpoints":["serverirakli.database.windows.net,receiptnew"]},"4045df5f-9dd2-4f13-9bf1-fcce93f82f1b":{"id":"c24cd66f-4f04-4ead-85af-8ee7af749d2b","displayName":"Logic flows","iconUri":"https://connectoricons-prod.azureedge.net/u/patelronak/specialtrain-logicflows-2/1.0.1692.3734/logicflows/icon.png","dataSources":["EmailNotification"],"dependencies":["b3b0a0ff-4149-403b-be1d-62308a2f9a57"],"dependents":[],"parameterHints":{"workflowName":{"value":"821ba14b-7ce6-404f-ad4a-853196197fdf"},"workflowEntityId":{},"workflowDisplayName":{"value":"Email Notification"},"b3b0a0ff-4149-403b-be1d-62308a2f9a57":{"value":"shared_office365"}},"parameterHintsV2":{"workflowName":{"value":"821ba14b-7ce6-404f-ad4a-853196197fdf"},"workflowEntityId":{},"workflowDisplayName":{"value":"Email Notification"},"shared_office365":{"value":"b3b0a0ff-4149-403b-be1d-62308a2f9a57"}},"isOnPremiseConnection":false,"bypassConsent":false,"dataSets":{},"apiTier":"Standard","isCustomApiConnection":false,"nestedActions":[{"id":"/providers/Microsoft.PowerApps/apis/shared_office365/apiOperations/SendEmailV2","apiName":"Office 365 Outlook","actionName":"SendEmailV2","referencedResources":[]}]},"b3b0a0ff-4149-403b-be1d-62308a2f9a57":{"id":"bd1477bb-7aaa-4dd3-bcc7-4bf628e30d8c","displayName":"Office 365 Outlook","iconUri":"https://connectoricons-prod.azureedge.net/releases/v1.0.1686/1.0.1686.3695/office365/icon.png","dataSources":[],"dependencies":[],"dependents":["4045df5f-9dd2-4f13-9bf1-fcce93f82f1b","66d01ad9-a37e-4aac-b950-e6c8f8db60a8","68978d20-7889-438a-9402-20bd833fc5ec"],"parameterHints":{},"parameterHintsV2":{},"isOnPremiseConnection":false,"bypassConsent":false,"dataSets":{},"apiTier":"Standard","isCustomApiConnection":false},"b0a844f2-111e-4e82-a53c-02851e102a44":{"id":"c24cd66f-4f04-4ead-85af-8ee7af749d2b","displayName":"Logic flows","iconUri":"https://connectoricons-prod.azureedge.net/u/patelronak/specialtrain-logicflows-2/1.0.1692.3734/logicflows/icon.png","dataSources":["NotifyauserinTeams"],"dependencies":["276853d5-6ab9-493a-9d12-576b7ad57319"],"dependents":[],"parameterHints":{"workflowName":{"value":"71d9d9bf-07d1-4831-90bf-08e60fa2d38b"},"workflowEntityId":{},"workflowDisplayName":{"value":"Notify a user in Teams"},"276853d5-6ab9-493a-9d12-576b7ad57319":{"value":"shared_teams"}},"parameterHintsV2":{"workflowName":{"value":"71d9d9bf-07d1-4831-90bf-08e60fa2d38b"},"workflowEntityId":{},"workflowDisplayName":{"value":"Notify a user in Teams"},"shared_teams":{"value":"276853d5-6ab9-493a-9d12-576b7ad57319"}},"isOnPremiseConnection":false,"bypassConsent":false,"dataSets":{},"apiTier":"Standard","isCustomApiConnection":false,"nestedActions":[{"id":"/providers/Microsoft.PowerApps/apis/shared_teams/apiOperations/PostCardToConversation","apiName":"Microsoft Teams","actionName":"PostCardToConversation","referencedResources":[]}]},"276853d5-6ab9-493a-9d12-576b7ad57319":{"id":"77c6559a-e85e-4169-900f-103ff1d500ae","displayName":"Microsoft Teams","iconUri":"https://connectoricons-prod.azureedge.net/releases/v1.0.1690/1.0.1690.3719/teams/icon.png","dataSources":[],"dependencies":[],"dependents":["b0a844f2-111e-4e82-a53c-02851e102a44"],"parameterHints":{},"parameterHintsV2":{},"isOnPremiseConnection":false,"bypassConsent":false,"dataSets":{},"apiTier":"Standard","isCustomApiConnection":false},"66d01ad9-a37e-4aac-b950-e6c8f8db60a8":{"id":"c24cd66f-4f04-4ead-85af-8ee7af749d2b","displayName":"Logic flows","iconUri":"https://connectoricons-prod.azureedge.net/u/patelronak/specialtrain-logicflows-2/1.0.1692.3734/logicflows/icon.png","dataSources":["ClickabuttoninPowerAppstosendanemail"],"dependencies":["b3b0a0ff-4149-403b-be1d-62308a2f9a57"],"dependents":[],"parameterHints":{"workflowName":{"value":"699a3418-eea1-434e-8380-3fee40fdba5c"},"workflowEntityId":{},"workflowDisplayName":{"value":"Click a button in Power Apps to send an email"},"b3b0a0ff-4149-403b-be1d-62308a2f9a57":{"value":"shared_office365"}},"parameterHintsV2":{"workflowName":{"value":"699a3418-eea1-434e-8380-3fee40fdba5c"},"workflowEntityId":{},"workflowDisplayName":{"value":"Click a button in Power Apps to send an email"},"shared_office365":{"value":"b3b0a0ff-4149-403b-be1d-62308a2f9a57"}},"isOnPremiseConnection":false,"bypassConsent":false,"dataSets":{},"apiTier":"Standard","isCustomApiConnection":false,"nestedActions":[{"id":"/providers/Microsoft.PowerApps/apis/shared_office365/apiOperations/SendEmailV2","apiName":"Office 365 Outlook","actionName":"SendEmailV2","referencedResources":[]}]},"68978d20-7889-438a-9402-20bd833fc5ec":{"id":"c24cd66f-4f04-4ead-85af-8ee7af749d2b","displayName":"Logic flows","iconUri":"https://connectoricons-prod.azureedge.net/u/patelronak/specialtrain-logicflows-2/1.0.1692.3734/logicflows/icon.png","dataSources":["PowerAppV2->Sendanemail(V2)"],"dependencies":["b3b0a0ff-4149-403b-be1d-62308a2f9a57"],"dependents":[],"parameterHints":{"workflowName":{"value":"b1c080ec-ba7f-4c90-a512-7cead473a1e9"},"workflowEntityId":{},"workflowDisplayName":{"value":"PowerAppV2 -> Send an email (V2)"},"b3b0a0ff-4149-403b-be1d-62308a2f9a57":{"value":"shared_office365"}},"parameterHintsV2":{"workflowName":{"value":"b1c080ec-ba7f-4c90-a512-7cead473a1e9"},"workflowEntityId":{},"workflowDisplayName":{"value":"PowerAppV2 -> Send an email (V2)"},"shared_office365":{"value":"b3b0a0ff-4149-403b-be1d-62308a2f9a57"}},"isOnPremiseConnection":false,"bypassConsent":false,"dataSets":{},"apiTier":"Standard","isCustomApiConnection":false,"actions":["Run"],"nestedActions":[{"id":"/providers/Microsoft.PowerApps/apis/shared_office365/apiOperations/SendEmailV2","apiName":"Office 365 Outlook","actionName":"SendEmailV2","referencedResources":[]}]}},"databaseReferences":{"default.cds":{"databaseDetails":{"referenceType":"Environmental","environmentName":"default.cds","overrideValues":{"status":"NotSpecified","environmentVariableName":""}},"dataSources":{"43b0dc67-68af-47ae-9a9c-9e69d396ba3e":{"entitySetName":"msdyn_aimodels","logicalName":"msdyn_aimodel","isHidden":false}}}},"almMode":"Environment","performanceOptimizationEnabled":false,"canConsumeAppPass":false,"enableModernRuntimeMode":false,"executionRestrictions":{"isTeamsOnly":false,"dataLossPreventionEvaluationResult":{"status":"Compliant","lastEvaluationDate":"2024-06-06T08:41:34.5125039Z","violations":[],"violationsByPolicy":[],"violationErrorMessage":"The app uses the following connectors: shared_sql, shared_logicflows, shared_office365, shared_teams, shared_commondataservice."},"httpActionRestriction":{"appUsesSharepointHttpAction":false,"enforcementStrategy":"Legacy","evaluationTime":"2024-06-06T08:41:34.5123529Z"}}},"appType":"ClassicCanvasApp","appComponents":[]}}