{"name":"6093ba86-9674-44d1-a133-78af0f626095","id":"/providers/Microsoft.Flow/flows/6093ba86-9674-44d1-a133-78af0f626095","type":"Microsoft.Flow/flows","properties":{"apiId":"/providers/Microsoft.PowerApps/apis/shared_logicflows","displayName":"Email Notification","definition":{"metadata":{"workflowEntityId":null,"processAdvisorMetadata":null,"flowChargedByPaygo":null,"flowclientsuspensionreason":"None","flowclientsuspensiontime":null,"flowclientsuspensionreasondetails":null,"creator":{"id":"d5ba82c3-ad70-4c41-943b-7f1943849c3d","type":"User","tenantId":"b03cdd7a-ce94-41c8-9154-40d2beeedd83"},"provisioningMethod":"FromDefinition","failureAlertSubscription":true,"clientLastModifiedTime":"2024-05-28T19:25:03.4510865Z","connectionKeySavedTimeKey":"2024-05-28T19:25:03.4510865Z"},"$schema":"https://schema.management.azure.com/providers/Microsoft.Logic/schemas/2016-06-01/workflowdefinition.json#","contentVersion":"1.0.0.0","parameters":{"$connections":{"defaultValue":{},"type":"Object"},"$authentication":{"defaultValue":{},"type":"SecureObject"}},"triggers":{"manual":{"metadata":{"operationMetadataId":"394fdc65-bcc8-4f88-862f-60d9cf83e013"},"type":"Request","kind":"PowerAppV2","inputs":{"schema":{"type":"object","properties":{"Sendanemail(V2)_To":{"type":"string","format":"email","description":"Specify email addresses separated by semicolons like someone@contoso.com. This parameter is used as part of \"9E79D860-E51E-4A7A-9835-F42D3E60BABD\"","x-ms-powerflows-param-ispartial":true},"Sendanemail(V2)_Subject":{"type":"string","description":"Specify the subject of the mail. This parameter is used as part of \"3C90F558-9331-4D25-A885-FC8318815F15\"","x-ms-powerflows-param-ispartial":true},"Sendanemail(V2)_Body":{"type":"string","format":"html","description":"Specify the body of the mail. This parameter is used as part of \"1B4F202D-115F-4C4A-9591-574CBC8228EE\"","x-ms-powerflows-param-ispartial":true}},"required":["Sendanemail(V2)_To","Sendanemail(V2)_Subject","Sendanemail(V2)_Body"]}}}},"actions":{"Send_an_email_(V2)":{"runAfter":{},"metadata":{"operationMetadataId":"93020e81-6404-4c4c-83ca-210272b3c4f6"},"type":"OpenApiConnection","inputs":{"host":{"apiId":"/providers/Microsoft.PowerApps/apis/shared_office365","connectionName":"shared_office365","operationId":"SendEmailV2"},"parameters":{"emailMessage/To":"@{triggerBody()['Sendanemail(V2)_To']};irakli.kristinashvili@gau.edu.ge","emailMessage/Subject":"@{triggerBody()['Sendanemail(V2)_Subject']};the data has been collected","emailMessage/Body":"<p>@{triggerBody()['Sendanemail(V2)_Body']};the data for a power app has been collect!!!</p>"},"authentication":{"value":"@json(decodeBase64(triggerOutputs().headers['X-MS-APIM-Tokens']))['$ConnectionKey']","type":"Raw"}}}},"outputs":{},"description":"Click a button in a Power Apps application to send a email to a specified email address."},"connectionReferences":{"shared_office365":{"connectionName":"shared-office365-0d1b10ac-3559-4158-8faf-22f104114618","source":"Invoker","id":"/providers/Microsoft.PowerApps/apis/shared_office365","tier":"NotSpecified"}},"flowFailureAlertSubscribed":false,"isManaged":false}}