{"name":"c1edb74b-a2aa-4d11-98d2-427e154354a7","id":"/providers/Microsoft.Flow/flows/c1edb74b-a2aa-4d11-98d2-427e154354a7","type":"Microsoft.Flow/flows","properties":{"apiId":"/providers/Microsoft.PowerApps/apis/shared_logicflows","displayName":"Click a button in Power Apps to send an email","definition":{"metadata":{"workflowEntityId":null,"processAdvisorMetadata":null,"flowChargedByPaygo":null,"flowclientsuspensionreason":"None","flowclientsuspensiontime":null,"flowclientsuspensionreasondetails":null,"creator":{"id":"d5ba82c3-ad70-4c41-943b-7f1943849c3d","type":"User","tenantId":"b03cdd7a-ce94-41c8-9154-40d2beeedd83"},"provisioningMethod":"FromDefinition","failureAlertSubscription":true,"clientLastModifiedTime":"2024-05-29T19:54:33.5301591Z","connectionKeySavedTimeKey":"2024-05-29T19:54:33.5301591Z"},"$schema":"https://schema.management.azure.com/providers/Microsoft.Logic/schemas/2016-06-01/workflowdefinition.json#","contentVersion":"1.0.0.0","parameters":{"$connections":{"defaultValue":{},"type":"Object"},"$authentication":{"defaultValue":{},"type":"SecureObject"}},"triggers":{"manual":{"metadata":{"operationMetadataId":"12d43b20-d930-4772-9a9b-5e7d0b2f3924"},"type":"Request","kind":"PowerAppV2","inputs":{"schema":{"type":"object","properties":{"Sendanemail(V2)_To":{"type":"string","format":"email","description":"Specify email addresses separated by semicolons like someone@contoso.com. This parameter is used as part of \"DD2BE1DC-D8F5-4BAE-A4E3-62E5D61EDA54\"","x-ms-powerflows-param-ispartial":true},"Sendanemail(V2)_Subject":{"type":"string","description":"Specify the subject of the mail. This parameter is used as part of \"7C0DD323-9BBB-475C-8C95-BC593A2CC339\"","x-ms-powerflows-param-ispartial":true},"Sendanemail(V2)_Body":{"type":"string","format":"html","description":"Specify the body of the mail. This parameter is used as part of \"E3597936-5F32-4C7F-B853-971833240C1E\"","x-ms-powerflows-param-ispartial":true}},"required":["Sendanemail(V2)_To","Sendanemail(V2)_Subject","Sendanemail(V2)_Body"]}}}},"actions":{"Send_an_email_(V2)":{"runAfter":{},"metadata":{"operationMetadataId":"f8a49b70-8779-49aa-bb12-bf0e62d079c4"},"type":"OpenApiConnection","inputs":{"host":{"apiId":"/providers/Microsoft.PowerApps/apis/shared_office365","connectionName":"shared_office365","operationId":"SendEmailV2"},"parameters":{"emailMessage/To":"@{triggerBody()['Sendanemail(V2)_To']}irakli.kristinashvili@gau.edu.ge","emailMessage/Subject":"@{triggerBody()['Sendanemail(V2)_Subject']}test","emailMessage/Body":"<p>@{triggerBody()['Sendanemail(V2)_Body']}test</p>"},"authentication":{"value":"@json(decodeBase64(triggerOutputs().headers['X-MS-APIM-Tokens']))['$ConnectionKey']","type":"Raw"}}}},"outputs":{},"description":"Click a button in a Power Apps application to send a email to a specified email address."},"connectionReferences":{"shared_office365":{"connectionName":"shared-office365-0d1b10ac-3559-4158-8faf-22f104114618","source":"Invoker","id":"/providers/Microsoft.PowerApps/apis/shared_office365","tier":"NotSpecified"}},"flowFailureAlertSubscribed":false,"isManaged":false}}